"Id","Name","Language"
"1","ansible","Python"
"2","black","Python"
"3","django","Python"
"4","home-assitant","Python"
"5","keras","Python"
"6","pyxel","Python"
"7","requests","Python"
"8","scikit-learn","Python"
"9","textual","Python"
"10","wagtail","Python"
"11","apache-commons-cli","Java"
"12","drool","Java"
"13","elastic-search","Java"
"14","google-guava","Java"
"15","h2","Java"
"16","jabref","Java"
"17","killbill","Java"
"18","ok-http","Java"
"19","signal-server","Java"
"20","zaproxy","Java"
"21","arthas","XML"
"22","flutter","XML"
"23","magisk","XML"
"24","mall","XML"
"25","okhttp","XML"
"26","protobuf","XML"
"27","sa-token","XML"
"28","spring-cloud-alibaba","XML"
"29","syncthing","XML"
"30","tensorflow","XML"
